{
  "deals": [
    {
      "deaNumDealCntl": "1111",
      "deaNmeDeal": "Washing deal",
      "deaCdeDealClass": "typicode",
      "deaUidAdmnstratr": "deaUidAdmnstratr",
      "facAmtCurr": 12,
      "facAmtOrig": 13,
      "fhaAmtNet": 14
    },
    {
      "deaNumDealCntl": "2222",
      "deaNmeDeal": "Testimonial",
      "deaCdeDealClass": "typicode",
      "deaUidAdmnstratr": "deaUidAdmnstratr",
      "facAmtCurr": 12,
      "facAmtOrig": 13,
      "fhaAmtNet": 14
    },
    {
      "deaNumDealCntl": "3333",
      "deaNmeDeal": "GVM",
      "deaCdeDealClass": "typicode",
      "deaUidAdmnstratr": "deaUidAdmnstratr",
      "facAmtCurr": 12,
      "facAmtOrig": 13,
      "fhaAmtNet": 14
    },
    {
      "deaNumDealCntl": "4444",
      "deaNmeDeal": "NatrixOne",
      "deaCdeDealClass": "typicode",
      "deaUidAdmnstratr": "deaUidAdmnstratr",
      "facAmtCurr": 12,
      "facAmtOrig": 13,
      "fhaAmtNet": 14
    },
    {
      "deaNumDealCntl": "5555",
      "deaNmeDeal": "Brainy Bitz",
      "deaCdeDealClass": "typicode",
      "deaUidAdmnstratr": "deaUidAdmnstratr",
      "facAmtCurr": 12,
      "facAmtOrig": 13,
      "fhaAmtNet": 14
    },
    {
      "deaNumDealCntl": "6666",
      "deaNmeDeal": "Solwin",
      "deaCdeDealClass": "typicode",
      "deaUidAdmnstratr": "deaUidAdmnstratr",
      "facAmtCurr": 12,
      "facAmtOrig": 13,
      "fhaAmtNet": 14
    },
    {
      "deaNumDealCntl": "7777",
      "deaNmeDeal": "BigScal",
      "deaCdeDealClass": "typicode",
      "deaUidAdmnstratr": "deaUidAdmnstratr",
      "facAmtCurr": 12,
      "facAmtOrig": 13,
      "fhaAmtNet": 14
    },
    {
      "deaNumDealCntl": "8888",
      "deaNmeDeal": "Narola",
      "deaCdeDealClass": "typicode",
      "deaUidAdmnstratr": "deaUidAdmnstratr",
      "facAmtCurr": 12,
      "facAmtOrig": 13,
      "fhaAmtNet": 14
    },
    {
      "deaNumDealCntl": "9999",
      "deaNmeDeal": "Artoon",
      "deaCdeDealClass": "typicode",
      "deaUidAdmnstratr": "deaUidAdmnstratr",
      "facAmtCurr": 12,
      "facAmtOrig": 13,
      "fhaAmtNet": 14
    },
    {
      "deaNumDealCntl": "0000",
      "deaNmeDeal": "Lanet",
      "deaCdeDealClass": "typicode",
      "deaUidAdmnstratr": "deaUidAdmnstratr",
      "facAmtCurr": 12,
      "facAmtOrig": 13,
      "fhaAmtNet": 14
    }
  ],
  "facilities": [
    {
      "facNumFacCntl": "f1",
      "facNmeFacility": "facility1",
      "status": "IsActive",
      "facDteEffective": "12-12-2020",
      "facDteFinalMat": "12-12-2020",
      "facCdeCurrency": "$",
      "facAmtGloblOrig": 100,
      "facAmtGloblCurr": 12,
      "facAmtNet": 500
    },
    {
      "facNumFacCntl": "f2",
      "facNmeFacility": "facility2",
      "status": "IsActive",
      "facDteEffective": "12-12-2020",
      "facDteFinalMat": "12-12-2020",
      "facCdeCurrency": "$",
      "facAmtGloblOrig": 100,
      "facAmtGloblCurr": 12,
      "facAmtNet": 500
    },
    {
      "facNumFacCntl": "f3",
      "facNmeFacility": "facility3",
      "status": "IsActive",
      "facDteEffective": "12-12-2020",
      "facDteFinalMat": "12-12-2020",
      "facCdeCurrency": "$",
      "facAmtGloblOrig": 100,
      "facAmtGloblCurr": 12,
      "facAmtNet": 500
    }
  ],
  "events": [
    {
      "preRidProdEvent": "E1",
      "preTxtEventCmt": "event comment1",
      "preUidRecCreate": "preUidRecCreate1",
      "preDteEffective": "12-12-2020",
      "preTspRecCreate": "12-12-2020"
    },
    {
      "preRidProdEvent": "E2",
      "preTxtEventCmt": "event comment1",
      "preUidRecCreate": "preUidRecCreate1",
      "preDteEffective": "12-12-2020",
      "preTspRecCreate": "12-12-2020"
    },
    {
      "preRidProdEvent": "E3",
      "preTxtEventCmt": "event comment1",
      "preUidRecCreate": "preUidRecCreate1",
      "preDteEffective": "12-12-2020",
      "preTspRecCreate": "12-12-2020"
    },
    {
      "preRidProdEvent": "E4",
      "preTxtEventCmt": "event comment1",
      "preUidRecCreate": "preUidRecCreate1",
      "preDteEffective": "12-12-2020",
      "preTspRecCreate": "12-12-2020"
    },
    {
      "preRidProdEvent": "E5",
      "preTxtEventCmt": "event comment1",
      "preUidRecCreate": "preUidRecCreate1",
      "preDteEffective": "12-12-2020",
      "preTspRecCreate": "12-12-2020"
    }
  ],
  "employees": [
    {
      "id": 1,
      "firstName": "Laxman1",
      "lastName": "Prajapati1",
      "email": "laxman@gmail.com",
      "hobbies": [
        "cricket",
        "football"
      ],
      "dob": "12-12-2020",
      "gender": "F",
      "city": "Ahemdabad"
    },
    {
      "id": 2,
      "firstName": "trst",
      "lastName": "test",
      "email": "test@Gmail.com",
      "hobbies": [
        "football",
        "readjng"
      ],
      "city": "Surat",
      "dob": "2020-11-04",
      "gender": "M",
      "address": [
        {
          "street": "ttest1",
          "pincode": "test1"
        },
        {
          "street": "test2",
          "pincode": "test2"
        },
        {
          "street": "test3",
          "pincode": "test3"
        }
      ]
    },
    {
      "id": 3,
      "firstName": "asdasdasd",
      "lastName": "asdasdas",
      "email": "asdasd@gmail.com",
      "hobbies": [
        "readjng",
        "football"
      ],
      "city": "Surat",
      "dob": "2020-11-11",
      "gender": "F",
      "address": [
        {
          "street": "asdasd",
          "pincode": "asdasd"
        },
        {
          "street": "asd",
          "pincode": "asdads"
        }
      ]
    },
    {
      "id": 4,
      "firstName": "desi",
      "lastName": "test",
      "email": "test@Gmail.com",
      "hobbies": [
        "football"
      ],
      "city": "Surat",
      "dob": "2020-11-04",
      "gender": "M",
      "address": [
        {
          "street": "ttest1",
          "pincode": "test1"
        }
      ],
      "file": ""
    }
  ],
  "comments": [
    {
      "id": 1,
      "body": "some comment",
      "postId": 1
    }
  ],
  "profile": {
    "name": "typicode"
  }
}